INSERT INTO vehicles (id, name, license_plate, make, model, year) VALUES
  ('324ef394-8108-4765-83ed-7c77ef6fffd0', 'Toyota Camry #1207', 'CO-AVS-1207', 'Toyota', 'Camry', 2024),
  ('04009ffc-902f-4c7e-8aa2-911ed08c26a7', 'Chevrolet Equinox #0893', 'CO-AVS-0893', 'Chevrolet', 'Equinox', 2025),
  ('166428fa-59f7-4aa8-9db6-0d232b6e00ad', 'Ford Explorer #1456', 'CO-AVS-1456', 'Ford', 'Explorer', 2024),
  ('0f430dac-c212-4907-876a-3e6f5d2f271d', 'Hyundai Venue #2034', 'CO-AVS-2034', 'Hyundai', 'Venue', 2025),
  ('3e0272a0-656a-4e26-bad9-91be477b0b98', 'Toyota Corolla #0678', 'CO-AVS-0678', 'Toyota', 'Corolla', 2024),
  ('24841c2a-f4ff-4666-8bed-088d9d2bb915', 'Cadillac XT6 #3012', 'CO-AVS-3012', 'Cadillac', 'XT6', 2025),
  ('58607169-4cdc-442d-abc5-d2a898234b6a', 'Chrysler Pacifica #0567', 'CO-AVS-0567', 'Chrysler', 'Pacifica', 2024),
  ('b663dc3e-bfc1-4928-8c4f-7746758c96a2', 'Tesla Model 3 #1789', 'CO-AVS-1789', 'Tesla', 'Model 3', 2025);

INSERT INTO tire_positions (id, vehicle_id, position, label) VALUES
  ('12b98e9a-71e8-49d5-b9db-60cf1ea3a637', '324ef394-8108-4765-83ed-7c77ef6fffd0', 'FL', 'Front Left'),
  ('c37016eb-f035-436b-896f-0b1daf997888', '324ef394-8108-4765-83ed-7c77ef6fffd0', 'FR', 'Front Right'),
  ('85b816f3-9d08-42c2-9071-76209cea0c42', '324ef394-8108-4765-83ed-7c77ef6fffd0', 'RL', 'Rear Left'),
  ('d8ea81cc-2473-4ca0-ad8b-714d6136f7e1', '324ef394-8108-4765-83ed-7c77ef6fffd0', 'RR', 'Rear Right'),
  ('e9c291d0-849f-4394-a7b3-99fccffb2286', '04009ffc-902f-4c7e-8aa2-911ed08c26a7', 'FL', 'Front Left'),
  ('51d8c069-b0f4-4c4b-86d3-befbc13e396c', '04009ffc-902f-4c7e-8aa2-911ed08c26a7', 'FR', 'Front Right'),
  ('3d89433b-240d-4720-a900-889ffcde5a77', '04009ffc-902f-4c7e-8aa2-911ed08c26a7', 'RL', 'Rear Left'),
  ('1dc8a764-1a89-498b-8442-e4e57a964647', '04009ffc-902f-4c7e-8aa2-911ed08c26a7', 'RR', 'Rear Right'),
  ('7a1b5bbe-993a-4654-95c5-e2253c940f23', '166428fa-59f7-4aa8-9db6-0d232b6e00ad', 'FL', 'Front Left'),
  ('291bc3e4-52d9-472a-8613-a25ba690d4e6', '166428fa-59f7-4aa8-9db6-0d232b6e00ad', 'FR', 'Front Right'),
  ('a53b2aa1-c5de-43fc-a7b6-0384625134c3', '166428fa-59f7-4aa8-9db6-0d232b6e00ad', 'RL', 'Rear Left'),
  ('7bc12148-d671-4543-aa4c-054d1299216b', '166428fa-59f7-4aa8-9db6-0d232b6e00ad', 'RR', 'Rear Right'),
  ('06638ba5-a36e-4a48-8fca-62ab5d8d7099', '0f430dac-c212-4907-876a-3e6f5d2f271d', 'FL', 'Front Left'),
  ('30cf7ac7-0b23-4773-aeef-53d7e480f2d7', '0f430dac-c212-4907-876a-3e6f5d2f271d', 'FR', 'Front Right'),
  ('8a04373b-3495-4e97-9269-8329a36c1aa3', '0f430dac-c212-4907-876a-3e6f5d2f271d', 'RL', 'Rear Left'),
  ('0ab40e59-96cc-4383-823d-ec14aed2f0a8', '0f430dac-c212-4907-876a-3e6f5d2f271d', 'RR', 'Rear Right'),
  ('9facca11-d661-483d-bef6-8b4f7ab1b99f', '3e0272a0-656a-4e26-bad9-91be477b0b98', 'FL', 'Front Left'),
  ('07050585-ab78-442d-871a-6e7a22c7e07a', '3e0272a0-656a-4e26-bad9-91be477b0b98', 'FR', 'Front Right'),
  ('0aaff739-8ef3-42cb-9d1b-55e13a5aaf16', '3e0272a0-656a-4e26-bad9-91be477b0b98', 'RL', 'Rear Left'),
  ('d1c89e02-689c-481d-b9cc-a4331bd453ac', '3e0272a0-656a-4e26-bad9-91be477b0b98', 'RR', 'Rear Right'),
  ('0c0c3254-b4e8-4377-8780-61a706f122b8', '24841c2a-f4ff-4666-8bed-088d9d2bb915', 'FL', 'Front Left'),
  ('9f35630b-96dc-4e3f-9b81-5021930d37a0', '24841c2a-f4ff-4666-8bed-088d9d2bb915', 'FR', 'Front Right'),
  ('5f262ed2-0c92-4e73-82ce-fa5c0ecf2eff', '24841c2a-f4ff-4666-8bed-088d9d2bb915', 'RL', 'Rear Left'),
  ('87679951-6388-400d-9e3b-e54010664c9c', '24841c2a-f4ff-4666-8bed-088d9d2bb915', 'RR', 'Rear Right'),
  ('81c3bdf8-257f-44db-b95a-b17253e6d6fb', '58607169-4cdc-442d-abc5-d2a898234b6a', 'FL', 'Front Left'),
  ('5625ce85-5935-472d-b7ec-a11126cf227f', '58607169-4cdc-442d-abc5-d2a898234b6a', 'FR', 'Front Right'),
  ('ff1b3cea-fe74-4f7a-8ac8-85d4246dccbe', '58607169-4cdc-442d-abc5-d2a898234b6a', 'RL', 'Rear Left'),
  ('7656256f-36c1-4227-8ac7-a50e3a8c7f4d', '58607169-4cdc-442d-abc5-d2a898234b6a', 'RR', 'Rear Right'),
  ('ea5c35ae-cade-459f-879c-4c59ef7e745e', 'b663dc3e-bfc1-4928-8c4f-7746758c96a2', 'FL', 'Front Left'),
  ('3188bd99-79ef-44ef-a183-541a59175262', 'b663dc3e-bfc1-4928-8c4f-7746758c96a2', 'FR', 'Front Right'),
  ('643fea9e-5110-44f5-b3cb-f7f6fa4b0b6e', 'b663dc3e-bfc1-4928-8c4f-7746758c96a2', 'RL', 'Rear Left'),
  ('564b706c-5a39-4aca-b251-da8611d23c6b', 'b663dc3e-bfc1-4928-8c4f-7746758c96a2', 'RR', 'Rear Right');

INSERT INTO measurements (id, vehicle_id, tire_position_id, depth_mm, depth_inches, wear_percentage, status, reference_object) VALUES
  ('f0dc2063-7fb3-4541-8de3-60e8bd5099d3', '324ef394-8108-4765-83ed-7c77ef6fffd0', '12b98e9a-71e8-49d5-b9db-60cf1ea3a637', 7.2, 0.28, 34.5, 'good', 'quarter'),
  ('f43aec4a-4c78-451a-b87e-28d6599488e5', '324ef394-8108-4765-83ed-7c77ef6fffd0', 'c37016eb-f035-436b-896f-0b1daf997888', 6.8, 0.27, 38.2, 'good', 'quarter'),
  ('e45ec99d-ded0-4779-946d-040e922d4c74', '324ef394-8108-4765-83ed-7c77ef6fffd0', '85b816f3-9d08-42c2-9071-76209cea0c42', 5.1, 0.20, 53.6, 'caution', 'quarter'),
  ('e2769540-69f4-4db2-a647-0c1157795aa0', '324ef394-8108-4765-83ed-7c77ef6fffd0', 'd8ea81cc-2473-4ca0-ad8b-714d6136f7e1', 2.8, 0.11, 74.5, 'replace', 'quarter'),
  ('ea36e71b-343d-45fc-ba06-6ad871eab377', '166428fa-59f7-4aa8-9db6-0d232b6e00ad', '7a1b5bbe-993a-4654-95c5-e2253c940f23', 9.1, 0.36, 17.3, 'new', 'quarter'),
  ('5838f2aa-3131-489d-b4a5-36d5bd3a6a40', '166428fa-59f7-4aa8-9db6-0d232b6e00ad', '291bc3e4-52d9-472a-8613-a25ba690d4e6', 8.7, 0.34, 20.9, 'good', 'quarter'),
  ('1765e350-f21e-493b-8fee-81306c4e5b61', '166428fa-59f7-4aa8-9db6-0d232b6e00ad', 'a53b2aa1-c5de-43fc-a7b6-0384625134c3', 8.9, 0.35, 19.1, 'good', 'quarter'),
  ('254bff64-bde7-4cf7-a131-b0703c258305', '166428fa-59f7-4aa8-9db6-0d232b6e00ad', '7bc12148-d671-4543-aa4c-054d1299216b', 8.5, 0.33, 22.7, 'good', 'quarter'),
  ('b41dfc60-0335-4a3a-9d10-30becc3ae88c', '24841c2a-f4ff-4666-8bed-088d9d2bb915', '0c0c3254-b4e8-4377-8780-61a706f122b8', 6.2, 0.24, 43.6, 'caution', 'quarter'),
  ('27768c2d-e03a-4519-9b65-ecf848d04274', '24841c2a-f4ff-4666-8bed-088d9d2bb915', '9f35630b-96dc-4e3f-9b81-5021930d37a0', 3.1, 0.12, 71.8, 'replace', 'quarter'),
  ('d7250792-e80b-4b39-b0b2-0149112629f7', '24841c2a-f4ff-4666-8bed-088d9d2bb915', '5f262ed2-0c92-4e73-82ce-fa5c0ecf2eff', 7.5, 0.30, 31.8, 'good', 'quarter'),
  ('cef60245-f4f7-416d-849d-71c723fe8dbc', '24841c2a-f4ff-4666-8bed-088d9d2bb915', '87679951-6388-400d-9e3b-e54010664c9c', 4.2, 0.17, 61.8, 'caution', 'quarter');
